date,temperature,humidity,rained_today,bought_umbrella
01-01-2025,23.8,56.2,No,No
02-01-2025,26.8,41.3,No,Yes
03-01-2025,24.8,84.5,No,Yes
04-01-2025,18.0,38.5,No,No
05-01-2025,31.9,53.4,Yes,No
06-01-2025,29.5,62.0,Yes,No
07-01-2025,29.7,81.6,Yes,Yes
08-01-2025,19.5,38.5,No,Yes
09-01-2025,33.4,77.4,No,Yes
10-01-2025,16.6,60.2,No,Yes
11-01-2025,28.5,45.3,Yes,Yes
12-01-2025,38.1,66.9,No,No
13-01-2025,19.1,63.0,No,Yes
14-01-2025,21.6,51.0,Yes,Yes
15-01-2025,25.6,61.0,Yes,Yes
16-01-2025,22.0,54.2,Yes,Yes
17-01-2025,15.7,61.7,Yes,Yes
18-01-2025,25.4,69.9,No,No
19-01-2025,18.6,83.8,No,No
20-01-2025,27.8,41.4,Yes,Yes
21-01-2025,19.5,92.0,No,No
22-01-2025,34.3,30.7,Yes,No
23-01-2025,20.3,57.7,Yes,Yes
24-01-2025,23.1,68.8,No,No
25-01-2025,29.9,64.2,No,No
26-01-2025,17.6,50.7,No,No
27-01-2025,26.4,56.9,Yes,Yes
28-01-2025,32.8,52.6,No,Yes
29-01-2025,15.4,51.2,No,No
30-01-2025,26.1,72.7,Yes,Yes
31-01-2025,26.6,65.4,No,No
01-02-2025,29.7,49.6,Yes,No
02-02-2025,17.6,73.5,Yes,Yes
03-02-2025,17.1,64.6,No,No
04-02-2025,28.1,72.2,No,Yes
05-02-2025,26.8,69.4,No,No
06-02-2025,26.5,47.6,Yes,No
07-02-2025,27.1,51.6,Yes,Yes
08-02-2025,20.9,71.2,No,No
09-02-2025,26.4,69.2,No,No
10-02-2025,26.8,59.7,Yes,No
11-02-2025,20.7,61.8,No,Yes
12-02-2025,36.2,79.2,Yes,Yes
13-02-2025,27.8,51.1,No,No
14-02-2025,17.9,68.2,Yes,Yes
15-02-2025,28.9,57.0,No,No
16-02-2025,19.2,56.7,Yes,Yes
17-02-2025,29.7,76.5,No,Yes
18-02-2025,32.0,72.4,No,No
19-02-2025,20.1,72.2,Yes,Yes
20-02-2025,30.8,79.6,No,Yes
21-02-2025,27.5,60.3,No,No
22-02-2025,29.9,70.2,No,Yes
23-02-2025,36.4,55.3,No,No
24-02-2025,23.5,64.9,No,No
25-02-2025,20.5,58.0,No,No
26-02-2025,19.7,61.5,Yes,Yes
27-02-2025,20.1,68.9,Yes,No
28-02-2025,24.5,47.7,Yes,Yes
01-03-2025,27.0,91.4,Yes,Yes
02-03-2025,26.7,44.9,No,No
03-03-2025,30.0,41.8,Yes,Yes
04-03-2025,25.1,77.4,No,No
05-03-2025,33.7,71.9,No,No
06-03-2025,23.4,69.4,Yes,No
07-03-2025,41.3,69.4,No,No
08-03-2025,28.8,59.8,Yes,Yes
09-03-2025,19.9,46.5,No,Yes
10-03-2025,18.6,61.1,Yes,Yes
11-03-2025,27.9,49.8,No,No
12-03-2025,23.7,74.6,No,Yes
13-03-2025,29.3,57.8,Yes,No
14-03-2025,27.8,47.6,Yes,No
15-03-2025,24.6,55.2,No,No
16-03-2025,19.9,66.2,No,No
17-03-2025,15.9,51.5,No,No
18-03-2025,22.3,47.7,No,No
19-03-2025,30.1,63.7,Yes,Yes
20-03-2025,26.3,63.7,No,No
21-03-2025,17.5,52.4,Yes,Yes
22-03-2025,26.0,52.9,No,No
23-03-2025,27.3,63.5,No,No
24-03-2025,19.7,38.3,Yes,Yes
25-03-2025,25.9,38.9,Yes,No
26-03-2025,25.3,49.2,Yes,Yes
27-03-2025,18.1,56.8,Yes,Yes
28-03-2025,27.1,64.7,No,No
29-03-2025,28.4,82.1,No,No
30-03-2025,31.5,72.9,No,Yes
31-03-2025,31.3,57.6,No,Yes
01-04-2025,16.7,59.7,Yes,Yes
02-04-2025,19.4,45.0,No,No
03-04-2025,28.1,59.7,No,No
04-04-2025,28.1,55.7,No,No
05-04-2025,28.1,64.8,No,Yes
06-04-2025,48.1,47.6,No,No
07-04-2025,28.4,67.8,No,No
08-04-2025,31.8,83.0,No,No
09-04-2025,30.7,58.4,Yes,No
10-04-2025,28.9,66.0,Yes,No
11-04-2025,23.1,70.4,Yes,Yes
12-04-2025,29.6,54.0,No,No
13-04-2025,20.4,63.4,Yes,No
14-04-2025,23.6,60.2,No,No
15-04-2025,22.1,61.5,No,No
16-04-2025,25.5,48.4,Yes,Yes
17-04-2025,38.9,60.4,No,Yes
18-04-2025,13.8,67.5,No,No
19-04-2025,29.1,81.8,Yes,Yes
20-04-2025,15.3,74.4,Yes,No
21-04-2025,22.2,92.3,Yes,Yes
22-04-2025,31.5,48.5,Yes,Yes
23-04-2025,25.4,73.1,No,No
24-04-2025,18.5,62.8,No,No
25-04-2025,20.7,92.8,No,No
26-04-2025,29.1,47.9,No,No
27-04-2025,20.6,47.4,No,No
28-04-2025,26.3,51.0,Yes,Yes
29-04-2025,25.3,28.1,No,No
30-04-2025,21.1,52.1,No,No
01-05-2025,37.9,48.6,No,No
02-05-2025,28.8,62.3,No,No
03-05-2025,12.8,65.1,Yes,No
04-05-2025,26.1,88.1,Yes,Yes
05-05-2025,21.0,74.3,Yes,Yes
06-05-2025,30.1,51.3,No,No
07-05-2025,20.2,46.5,No,Yes
08-05-2025,24.3,67.4,No,No
09-05-2025,28.0,40.2,Yes,No
10-05-2025,30.2,87.5,No,No
11-05-2025,17.8,77.7,No,Yes
12-05-2025,23.0,53.0,Yes,Yes
13-05-2025,22.2,34.3,Yes,No
14-05-2025,21.1,80.3,Yes,No
15-05-2025,35.6,58.3,No,Yes
16-05-2025,27.4,78.6,Yes,Yes
17-05-2025,17.4,36.1,No,Yes
18-05-2025,30.5,51.0,No,No
19-05-2025,37.7,60.1,No,No
20-05-2025,31.2,60.7,No,Yes
21-05-2025,15.9,53.2,No,No
22-05-2025,22.1,69.3,Yes,Yes
23-05-2025,32.6,44.0,No,No
24-05-2025,20.8,57.9,Yes,No
25-05-2025,27.7,61.8,Yes,Yes
26-05-2025,29.6,67.7,Yes,Yes
27-05-2025,19.4,70.7,No,No
28-05-2025,24.6,43.1,No,No
29-05-2025,5.6,37.0,Yes,Yes
30-05-2025,18.9,79.2,Yes,Yes
31-05-2025,21.5,78.0,Yes,