Brand,Processor,RAM_GB,Storage_GB,Screen_Size,Graphics_Card,Weight_kg,Operating_System,Price
MSI,Intel i9,,1024.0,15.6,NVIDIA RTX 4060,2.57,Windows 10,3078.17
Lenovo,Apple M1,64.0,2048.0,17.3,NVIDIA RTX 3050,1.25,Windows 10,3063.43
Apple,AMD Ryzen 5,8.0,2048.0,17.3,NVIDIA RTX 4060,,Windows 10,2445.25
Asus,Apple M2,4.0,1024.0,15.6,NVIDIA GTX 1650,1.31,Linux,1810.87
Apple,Intel i7,32.0,1024.0,17.3,Integrated,1.31,macOS,2465.41
Dell,AMD Ryzen 7,8.0,2048.0,13.3,NVIDIA RTX 3060,2.5,Windows 10,1848.05
Acer,Intel i5,32.0,2048.0,15.6,NVIDIA RTX 3060,1.48,DOS,2153.76
Lenovo,Intel i3,32.0,512.0,17.3,NVIDIA RTX 3060,1.92,Windows 10,1898.16
Acer,Intel i5,8.0,2048.0,14.0,NVIDIA GTX 1650,3.26,Linux,1297.39
Samsung,AMD Ryzen 3,64.0,512.0,15.6,NVIDIA RTX 4060,2.55,Windows 11,2475.38
Asus,Apple M2,64.0,1024.0,13.3,Integrated,1.24,Windows 11,2809.68
Asus,Apple M1,16.0,1024.0,13.3,NVIDIA RTX 3050,3.02,macOS,1916.16
MSI,Apple M2,32.0,1024.0,13.3,NVIDIA RTX 3060,1.96,DOS,2666.68
Samsung,AMD Ryzen 5,16.0,1024.0,13.3,NVIDIA RTX 3050,1.48,macOS,1830.33
HP,AMD Ryzen 7,16.0,256.0,15.6,NVIDIA GTX 1650,1.26,DOS,1335.66
Samsung,AMD Ryzen 7,4.0,2048.0,13.3,NVIDIA RTX 3060,3.29,DOS,1797.41
Acer,Intel i9,64.0,2048.0,15.6,NVIDIA RTX 3050,2.8,Linux,3148.36
Acer,Apple M2,64.0,512.0,17.3,NVIDIA RTX 3060,1.7,Linux,3184.63
Lenovo,AMD Ryzen 7,32.0,256.0,15.6,AMD Radeon,1.45,Windows 11,1925.65
Dell,Intel i9,64.0,256.0,15.6,AMD Radeon,2.37,Windows 11,2702.18
Dell,Intel i7,,2048.0,17.3,NVIDIA RTX 3050,1.94,Windows 11,1886.21
Apple,Intel i3,8.0,2048.0,17.3,AMD Radeon,2.8,macOS,1990.64
Dell,Apple M1,4.0,1024.0,13.3,NVIDIA GTX 1650,2.36,DOS,1530.65
Dell,Intel i7,8.0,256.0,17.3,NVIDIA GTX 1650,3.47,Linux,1332.48
Samsung,Intel i3,64.0,2048.0,14.0,AMD Radeon,2.12,Windows 11,2229.74
Lenovo,AMD Ryzen 5,64.0,1024.0,17.3,NVIDIA RTX 3060,2.76,macOS,2740.65
MSI,Intel i7,32.0,2048.0,15.6,NVIDIA RTX 3060,3.36,Windows 10,2646.65
Lenovo,Apple M2,4.0,512.0,15.6,AMD Radeon,2.8,Linux,1719.26
Samsung,Apple M2,32.0,,13.3,NVIDIA GTX 1650,3.49,Linux,2481.8
Samsung,AMD Ryzen 7,4.0,256.0,15.6,NVIDIA RTX 3050,2.87,macOS,1778.73
Apple,Apple M1,4.0,2048.0,17.3,NVIDIA RTX 3050,3.35,Linux,2551.57
Asus,Intel i7,4.0,1024.0,13.3,NVIDIA RTX 4060,1.85,Windows 10,1939.0
Lenovo,Apple M2,,256.0,17.3,,2.34,Linux,1999.53
Samsung,AMD Ryzen 7,16.0,256.0,17.3,Integrated,2.45,macOS,1581.42
MSI,AMD Ryzen 5,,1024.0,14.0,NVIDIA RTX 3050,2.2,DOS,2274.8
Asus,Intel i3,64.0,2048.0,13.3,NVIDIA RTX 3050,2.52,Windows 11,2152.03
Asus,AMD Ryzen 3,16.0,2048.0,13.3,NVIDIA RTX 4060,3.34,Windows 11,2009.18
MSI,Intel i7,32.0,256.0,17.3,NVIDIA RTX 4060,2.09,Windows 11,2374.16
Samsung,Intel i5,4.0,512.0,15.6,AMD Radeon,2.8,Windows 10,1410.51
Apple,AMD Ryzen 7,8.0,1024.0,15.6,NVIDIA GTX 1650,,Windows 11,2124.06
Dell,AMD Ryzen 5,64.0,512.0,15.6,NVIDIA GTX 1650,3.06,Windows 11,2227.39
Asus,AMD Ryzen 7,4.0,2048.0,13.3,NVIDIA RTX 3060,2.69,Linux,1904.92
MSI,Intel i5,8.0,2048.0,15.6,AMD Radeon,1.95,Windows 10,1733.86
Acer,AMD Ryzen 5,8.0,512.0,14.0,Integrated,1.29,macOS,1135.3
Dell,Apple M1,64.0,2048.0,17.3,NVIDIA RTX 3060,2.63,Linux,3219.32
Samsung,Intel i9,16.0,1024.0,17.3,NVIDIA RTX 3060,1.51,Windows 10,2377.33
Apple,Intel i7,4.0,2048.0,15.6,NVIDIA RTX 3050,2.21,Windows 10,1999.48
Acer,AMD Ryzen 7,4.0,2048.0,13.3,Integrated,1.6,Windows 11,1436.45
Samsung,AMD Ryzen 5,4.0,2048.0,13.3,NVIDIA RTX 4060,2.67,DOS,1899.47
MSI,AMD Ryzen 3,64.0,1024.0,15.6,NVIDIA RTX 3060,2.5,macOS,2750.48
Dell,AMD Ryzen 3,4.0,512.0,14.0,AMD Radeon,2.82,Linux,999.92
HP,AMD Ryzen 3,32.0,256.0,14.0,AMD Radeon,2.69,Windows 10,1584.28
Acer,Intel i9,8.0,2048.0,15.6,NVIDIA GTX 1650,2.64,Windows 10,2039.62
Samsung,AMD Ryzen 3,64.0,2048.0,17.3,NVIDIA GTX 1650,1.26,macOS,2653.87
Asus,Intel i5,16.0,2048.0,13.3,Integrated,3.07,macOS,1739.31
Lenovo,Intel i3,4.0,2048.0,14.0,NVIDIA RTX 3050,,DOS,1260.87
Apple,Intel i5,64.0,1024.0,14.0,NVIDIA RTX 3050,1.97,Windows 10,2624.99
HP,Intel i5,16.0,256.0,15.6,NVIDIA RTX 3060,2.79,Windows 10,1692.96
Acer,Apple M1,32.0,256.0,13.3,NVIDIA RTX 4060,,Windows 10,2397.14
Samsung,Intel i7,4.0,1024.0,17.3,NVIDIA RTX 3060,2.06,DOS,1667.61
MSI,AMD Ryzen 7,4.0,1024.0,13.3,AMD Radeon,3.28,Linux,1629.47
Apple,Intel i7,4.0,2048.0,17.3,NVIDIA RTX 4060,,Linux,2440.27
Asus,Intel i9,16.0,512.0,15.6,NVIDIA RTX 4060,1.41,Linux,2234.51
Lenovo,AMD Ryzen 3,32.0,256.0,15.6,Integrated,1.46,DOS,1258.99
MSI,AMD Ryzen 3,16.0,1024.0,13.3,NVIDIA RTX 3050,2.82,Linux,1555.99
HP,Intel i3,64.0,512.0,15.6,AMD Radeon,2.81,Windows 10,2065.21
Lenovo,Intel i5,64.0,256.0,13.3,AMD Radeon,3.47,DOS,1952.54
Asus,Intel i3,4.0,256.0,17.3,NVIDIA RTX 3060,2.07,macOS,1614.17
Apple,AMD Ryzen 7,16.0,512.0,14.0,NVIDIA RTX 3050,,macOS,2088.58
HP,Intel i9,32.0,2048.0,13.3,Integrated,2.91,macOS,2372.1
Apple,Apple M2,32.0,256.0,13.3,,1.71,Windows 10,2223.95
Samsung,AMD Ryzen 3,64.0,1024.0,17.3,NVIDIA RTX 4060,1.78,macOS,3062.37
HP,Apple M2,4.0,512.0,15.6,Integrated,2.64,macOS,1975.53
Dell,Apple M1,32.0,2048.0,17.3,NVIDIA RTX 4060,1.84,Linux,2813.47
Samsung,Intel i5,32.0,2048.0,13.3,Integrated,1.8,macOS,1978.63
Dell,Apple M2,4.0,256.0,17.3,NVIDIA RTX 4060,2.77,DOS,2033.41
Lenovo,AMD Ryzen 5,8.0,1024.0,17.3,NVIDIA RTX 4060,2.61,Windows 10,1713.58
Apple,Intel i5,16.0,256.0,13.3,Integrated,2.99,Windows 10,1782.71
Dell,AMD Ryzen 3,8.0,1024.0,13.3,AMD Radeon,3.11,Windows 11,1419.57
HP,Apple M2,16.0,1024.0,13.3,NVIDIA RTX 4060,1.33,Linux,2592.27
MSI,AMD Ryzen 3,16.0,256.0,15.6,NVIDIA RTX 4060,2.87,Windows 10,1990.5
Dell,AMD Ryzen 3,4.0,512.0,13.3,NVIDIA RTX 3050,1.83,Linux,1080.78
Dell,Apple M1,8.0,2048.0,15.6,NVIDIA GTX 1650,2.35,macOS,2097.63
Asus,Intel i3,32.0,256.0,14.0,AMD Radeon,3.02,Windows 11,1467.5
MSI,AMD Ryzen 7,64.0,,14.0,NVIDIA GTX 1650,3.05,Linux,2497.34
HP,Intel i5,8.0,512.0,15.6,NVIDIA RTX 3050,1.41,Windows 10,1375.74
Apple,Intel i3,32.0,512.0,15.6,,3.18,DOS,1979.61
HP,Apple M1,4.0,,13.3,NVIDIA RTX 3060,1.35,DOS,1899.16
Acer,Intel i5,64.0,512.0,15.6,NVIDIA RTX 3050,1.75,macOS,2386.45
MSI,AMD Ryzen 7,16.0,512.0,17.3,NVIDIA RTX 3060,1.62,Windows 11,2172.53
Lenovo,Intel i5,64.0,512.0,15.6,NVIDIA RTX 3050,3.09,Windows 10,2168.33
Acer,AMD Ryzen 5,64.0,512.0,13.3,NVIDIA RTX 4060,2.26,Windows 10,2732.49
Dell,Apple M2,8.0,256.0,15.6,Integrated,2.78,macOS,2027.84
Acer,Intel i3,8.0,2048.0,13.3,Integrated,2.57,Linux,1095.58
MSI,Apple M1,8.0,2048.0,15.6,AMD Radeon,2.26,DOS,1815.08
Lenovo,Apple M1,16.0,1024.0,15.6,AMD Radeon,2.92,Linux,1746.67
HP,AMD Ryzen 5,16.0,1024.0,15.6,Integrated,2.9,Linux,1144.12
Dell,Intel i3,8.0,512.0,17.3,Integrated,3.25,Linux,1037.37
HP,Intel i7,4.0,256.0,14.0,NVIDIA RTX 3060,2.44,Windows 10,1657.32
Samsung,Intel i3,,1024.0,14.0,Integrated,1.98,Linux,1506.31
HP,Apple M1,16.0,256.0,14.0,NVIDIA RTX 4060,3.35,DOS,1922.07
Apple,AMD Ryzen 5,32.0,512.0,15.6,AMD Radeon,1.86,Windows 11,1968.4
Lenovo,Apple M1,,2048.0,17.3,AMD Radeon,2.12,Linux,3037.21
MSI,AMD Ryzen 5,4.0,512.0,17.3,AMD Radeon,2.74,Windows 11,1526.71
Lenovo,Apple M1,8.0,1024.0,13.3,NVIDIA RTX 3060,1.67,Windows 10,1938.73
Lenovo,Intel i9,4.0,2048.0,13.3,NVIDIA RTX 3060,1.46,Windows 10,2321.19
Apple,AMD Ryzen 3,16.0,1024.0,17.3,,2.42,Windows 11,2268.67
Samsung,AMD Ryzen 3,8.0,2048.0,14.0,NVIDIA RTX 4060,2.77,Linux,1756.55
Acer,Apple M2,4.0,256.0,15.6,AMD Radeon,2.15,Windows 11,2012.3
Asus,Intel i5,64.0,2048.0,15.6,Integrated,1.67,macOS,2159.22
Samsung,AMD Ryzen 5,32.0,2048.0,13.3,NVIDIA RTX 3050,3.03,Linux,1803.16
Acer,AMD Ryzen 3,64.0,1024.0,15.6,AMD Radeon,2.4,Linux,2008.93
HP,Apple M2,8.0,2048.0,17.3,AMD Radeon,3.27,DOS,2019.65
MSI,Intel i3,4.0,256.0,13.3,NVIDIA GTX 1650,2.45,macOS,1325.66
Apple,AMD Ryzen 5,16.0,1024.0,15.6,NVIDIA GTX 1650,1.52,DOS,1783.97
Apple,AMD Ryzen 7,16.0,2048.0,13.3,AMD Radeon,2.93,DOS,2006.9
MSI,Intel i3,32.0,512.0,14.0,NVIDIA GTX 1650,2.34,Windows 10,1614.16
Apple,Intel i9,64.0,2048.0,17.3,NVIDIA RTX 4060,2.44,DOS,3464.84
Asus,Intel i5,16.0,1024.0,15.6,NVIDIA RTX 3050,2.5,Windows 10,1540.15
Acer,Intel i9,16.0,,14.0,AMD Radeon,1.72,Windows 10,2120.95
Asus,Apple M1,,256.0,13.3,NVIDIA RTX 3060,2.56,Linux,1832.97
Asus,AMD Ryzen 3,64.0,2048.0,15.6,NVIDIA GTX 1650,2.97,Windows 10,2087.27
Lenovo,Apple M1,4.0,512.0,15.6,Integrated,1.46,DOS,1295.89
Asus,AMD Ryzen 5,4.0,256.0,15.6,AMD Radeon,2.39,DOS,1098.23
Acer,Apple M2,8.0,2048.0,13.3,NVIDIA RTX 4060,2.59,macOS,2608.96
Dell,AMD Ryzen 5,8.0,1024.0,14.0,NVIDIA RTX 3050,2.9,Windows 11,1509.43
Lenovo,Intel i7,4.0,1024.0,17.3,AMD Radeon,1.28,Windows 11,1604.2
MSI,AMD Ryzen 5,8.0,2048.0,14.0,NVIDIA RTX 4060,2.38,Windows 11,2279.67
Dell,Intel i9,32.0,1024.0,13.3,Integrated,1.89,DOS,1909.56
Lenovo,Apple M1,16.0,512.0,17.3,AMD Radeon,1.64,DOS,1758.71
Samsung,Apple M1,16.0,512.0,13.3,AMD Radeon,2.84,Windows 10,1922.13
Asus,Intel i3,8.0,512.0,14.0,NVIDIA RTX 3050,1.56,Windows 11,1268.34
MSI,AMD Ryzen 7,16.0,,14.0,NVIDIA GTX 1650,3.26,Windows 10,1872.39
MSI,AMD Ryzen 7,32.0,2048.0,14.0,NVIDIA RTX 4060,2.14,Windows 11,2471.67
Samsung,AMD Ryzen 7,16.0,1024.0,13.3,AMD Radeon,1.98,DOS,1506.12
Dell,Apple M1,8.0,1024.0,17.3,AMD Radeon,,macOS,2206.47
Asus,AMD Ryzen 3,64.0,512.0,15.6,NVIDIA GTX 1650,1.23,Windows 11,1952.64
Lenovo,Intel i7,32.0,256.0,17.3,NVIDIA GTX 1650,3.25,DOS,1698.9
HP,Intel i5,16.0,1024.0,15.6,NVIDIA RTX 3060,3.11,DOS,1605.97
Apple,Apple M2,8.0,256.0,17.3,NVIDIA RTX 3050,3.38,Linux,2184.94
HP,Apple M1,16.0,512.0,15.6,Integrated,2.31,Windows 11,1629.74
Samsung,Intel i5,64.0,256.0,15.6,Integrated,1.52,macOS,2126.57
HP,Intel i5,64.0,1024.0,14.0,NVIDIA GTX 1650,2.42,Windows 10,2237.32
Apple,Intel i5,4.0,256.0,13.3,AMD Radeon,3.11,DOS,1366.29
Acer,Apple M2,16.0,2048.0,14.0,,2.66,DOS,2194.81
Acer,Intel i3,8.0,256.0,17.3,AMD Radeon,2.39,Windows 10,1170.68
Lenovo,Intel i3,16.0,256.0,17.3,NVIDIA RTX 3050,1.76,DOS,1403.01
Lenovo,Intel i9,4.0,1024.0,15.6,NVIDIA RTX 3050,3.38,DOS,1809.7
HP,Intel i9,32.0,1024.0,15.6,NVIDIA RTX 3060,1.32,macOS,2676.45
HP,Apple M2,8.0,512.0,13.3,Integrated,1.37,Windows 11,1712.4
Acer,Apple M1,8.0,256.0,15.6,NVIDIA RTX 3050,3.08,DOS,1477.13
Lenovo,AMD Ryzen 5,8.0,2048.0,15.6,NVIDIA RTX 4060,1.41,macOS,2304.13
Dell,Apple M2,4.0,1024.0,17.3,AMD Radeon,3.4,macOS,2259.9
Acer,Intel i3,64.0,512.0,17.3,AMD Radeon,3.46,Windows 10,2128.29
MSI,Apple M2,64.0,512.0,15.6,NVIDIA GTX 1650,2.55,Windows 11,2713.61
Acer,AMD Ryzen 5,8.0,1024.0,14.0,NVIDIA RTX 4060,2.88,macOS,2065.18
HP,AMD Ryzen 7,64.0,512.0,15.6,AMD Radeon,1.33,macOS,2389.12
HP,AMD Ryzen 7,4.0,512.0,15.6,NVIDIA RTX 3050,,DOS,1262.14
Acer,Apple M1,8.0,1024.0,15.6,NVIDIA RTX 3060,2.52,Windows 11,2071.39
Apple,Apple M2,64.0,512.0,13.3,NVIDIA RTX 4060,2.62,Windows 10,3242.0
HP,Intel i5,16.0,1024.0,13.3,NVIDIA RTX 4060,2.08,macOS,1864.21
Apple,Intel i9,64.0,512.0,13.3,NVIDIA RTX 4060,1.29,Linux,3489.58
Samsung,Apple M2,8.0,512.0,13.3,NVIDIA RTX 3060,2.9,Windows 11,2040.41
Apple,Apple M1,8.0,2048.0,14.0,AMD Radeon,2.55,Windows 11,2604.75
MSI,Apple M2,4.0,256.0,17.3,NVIDIA RTX 3060,1.7,Windows 10,2356.97
Acer,AMD Ryzen 5,16.0,512.0,13.3,NVIDIA GTX 1650,1.58,Linux,1171.19
Samsung,Intel i9,64.0,1024.0,14.0,NVIDIA RTX 4060,3.11,Windows 10,2931.51
Dell,Apple M2,4.0,512.0,15.6,AMD Radeon,3.04,Windows 11,1955.92
Asus,Intel i3,64.0,1024.0,14.0,NVIDIA RTX 3050,2.94,Windows 11,2074.33
Samsung,Intel i7,64.0,2048.0,13.3,Integrated,2.56,DOS,2142.57
Dell,Apple M1,16.0,1024.0,17.3,NVIDIA RTX 4060,3.24,Windows 11,2611.44
HP,Apple M2,4.0,256.0,15.6,NVIDIA RTX 3050,1.85,Linux,1793.54
Samsung,AMD Ryzen 3,8.0,512.0,14.0,NVIDIA RTX 4060,1.71,DOS,1690.41
Acer,Intel i3,8.0,2048.0,13.3,AMD Radeon,,Windows 10,1463.79
Samsung,Intel i5,16.0,256.0,13.3,Integrated,3.22,macOS,1497.07
Asus,Intel i3,16.0,1024.0,17.3,Integrated,1.97,DOS,1220.99
HP,Intel i9,16.0,512.0,17.3,NVIDIA RTX 4060,3.23,Windows 10,2406.07
MSI,AMD Ryzen 7,8.0,512.0,17.3,NVIDIA RTX 3050,1.73,Windows 10,1832.36
Apple,AMD Ryzen 7,8.0,2048.0,13.3,AMD Radeon,1.95,Windows 11,2199.7
MSI,Intel i5,32.0,2048.0,17.3,NVIDIA RTX 4060,2.99,macOS,2770.67
HP,Apple M2,8.0,1024.0,17.3,NVIDIA RTX 3060,1.61,DOS,1978.71
Asus,Intel i9,32.0,512.0,17.3,NVIDIA RTX 3050,1.58,Linux,2044.16
HP,AMD Ryzen 5,4.0,512.0,14.0,NVIDIA RTX 3050,3.16,DOS,1164.08
Lenovo,Intel i7,32.0,256.0,17.3,NVIDIA RTX 4060,,macOS,2332.91
MSI,Intel i5,8.0,256.0,17.3,Integrated,1.44,Windows 11,1216.65
MSI,Intel i9,8.0,1024.0,14.0,NVIDIA RTX 3060,2.71,macOS,2526.85
Apple,Apple M1,32.0,256.0,13.3,NVIDIA RTX 4060,2.67,macOS,2849.63
Lenovo,Intel i3,8.0,2048.0,14.0,NVIDIA GTX 1650,1.69,Windows 11,1491.1
Asus,Intel i5,32.0,2048.0,15.6,NVIDIA RTX 3060,1.63,Windows 11,2005.6
Samsung,Intel i5,32.0,1024.0,15.6,NVIDIA RTX 4060,1.5,DOS,2322.33
HP,Intel i7,32.0,512.0,15.6,Integrated,1.2,Windows 11,1786.33
Asus,Intel i9,4.0,512.0,17.3,Integrated,1.57,DOS,1447.68
Samsung,Apple M1,16.0,2048.0,13.3,Integrated,1.23,Windows 10,2013.33
HP,AMD Ryzen 5,16.0,256.0,13.3,Integrated,3.39,Windows 11,1093.5
Apple,Intel i7,4.0,256.0,17.3,Integrated,2.51,Linux,1710.99
HP,Apple M1,8.0,2048.0,13.3,NVIDIA GTX 1650,2.43,Windows 11,1865.75
Dell,Intel i9,8.0,512.0,15.6,NVIDIA GTX 1650,3.45,Windows 10,1908.48
HP,Intel i5,,1024.0,17.3,Integrated,3.39,DOS,1197.07
Apple,Apple M2,4.0,1024.0,15.6,Integrated,2.83,Windows 10,2260.87
Asus,AMD Ryzen 7,16.0,2048.0,17.3,NVIDIA RTX 3060,2.57,Windows 10,2100.15
MSI,Apple M2,32.0,512.0,14.0,NVIDIA RTX 3050,2.87,Linux,2266.08
Acer,Apple M2,64.0,1024.0,14.0,NVIDIA RTX 3050,3.44,Linux,2951.06
Acer,AMD Ryzen 7,64.0,1024.0,17.3,NVIDIA RTX 3050,1.57,Windows 10,2586.53
Acer,Apple M1,4.0,1024.0,15.6,NVIDIA RTX 3060,1.66,macOS,1978.48
Apple,Intel i3,32.0,256.0,14.0,NVIDIA RTX 4060,2.87,DOS,2404.1
Acer,Intel i9,32.0,2048.0,14.0,NVIDIA RTX 3060,2.36,Windows 10,2809.32
Samsung,Apple M2,32.0,512.0,13.3,NVIDIA GTX 1650,2.32,Windows 10,2347.81
Asus,AMD Ryzen 5,8.0,1024.0,15.6,NVIDIA GTX 1650,3.3,Linux,1270.39
HP,Apple M1,64.0,1024.0,13.3,NVIDIA RTX 3050,2.98,Linux,2823.08
MSI,Intel i5,64.0,256.0,14.0,NVIDIA RTX 4060,,Linux,2529.42
Apple,Apple M1,4.0,2048.0,14.0,AMD Radeon,,Windows 11,2567.56
HP,Intel i7,64.0,256.0,15.6,,2.98,Linux,2286.82
MSI,Intel i7,8.0,256.0,14.0,NVIDIA RTX 3060,3.11,Windows 11,1819.81
Samsung,Intel i3,4.0,2048.0,14.0,NVIDIA RTX 3060,2.07,macOS,1882.17
Acer,AMD Ryzen 3,4.0,256.0,17.3,NVIDIA RTX 3060,2.23,Linux,1314.81
Asus,Intel i5,8.0,256.0,15.6,NVIDIA RTX 4060,3.35,DOS,1650.35
Lenovo,AMD Ryzen 5,64.0,256.0,15.6,NVIDIA RTX 4060,1.44,macOS,2434.65
HP,Intel i9,64.0,512.0,17.3,NVIDIA RTX 3050,1.21,Windows 10,2694.01
Acer,Apple M2,16.0,512.0,15.6,NVIDIA RTX 3060,2.42,DOS,1995.61
HP,AMD Ryzen 7,8.0,256.0,13.3,NVIDIA RTX 4060,2.22,DOS,1862.35
MSI,Intel i5,4.0,1024.0,15.6,NVIDIA GTX 1650,2.06,Windows 10,1381.12
HP,Apple M1,4.0,2048.0,15.6,Integrated,2.79,Windows 11,1794.6
MSI,AMD Ryzen 3,64.0,256.0,14.0,AMD Radeon,2.71,Windows 10,2193.5
MSI,Apple M2,4.0,256.0,13.3,NVIDIA RTX 4060,3.0,DOS,2120.81
Lenovo,Intel i9,8.0,256.0,14.0,AMD Radeon,3.33,macOS,2047.13
HP,Apple M2,16.0,256.0,15.6,Integrated,1.48,Windows 11,1806.2
Dell,AMD Ryzen 7,64.0,1024.0,17.3,NVIDIA RTX 4060,,Windows 11,2936.19
Lenovo,AMD Ryzen 5,8.0,1024.0,15.6,AMD Radeon,2.68,Windows 10,1425.12
Lenovo,AMD Ryzen 3,8.0,2048.0,17.3,NVIDIA GTX 1650,2.3,DOS,1438.12
Dell,AMD Ryzen 3,8.0,2048.0,13.3,NVIDIA RTX 3060,2.3,macOS,1877.67
Apple,Intel i5,32.0,1024.0,15.6,NVIDIA RTX 4060,3.09,macOS,2475.19
MSI,AMD Ryzen 3,32.0,1024.0,13.3,NVIDIA RTX 3060,3.33,Linux,2053.78
Apple,Intel i7,8.0,512.0,13.3,NVIDIA RTX 3060,1.79,Linux,2132.97
Acer,Intel i7,8.0,2048.0,14.0,NVIDIA GTX 1650,2.12,DOS,1549.93
Dell,AMD Ryzen 7,32.0,512.0,15.6,NVIDIA RTX 4060,1.62,Windows 11,2350.02
HP,Apple M1,32.0,2048.0,17.3,AMD Radeon,3.05,Windows 11,2352.15
Acer,AMD Ryzen 7,64.0,512.0,17.3,Integrated,3.03,Windows 10,2040.82
Dell,Apple M1,4.0,512.0,15.6,NVIDIA RTX 4060,1.89,macOS,2406.74
MSI,Apple M2,8.0,1024.0,17.3,,2.24,Windows 10,2000.41
Dell,Intel i7,32.0,512.0,13.3,NVIDIA RTX 4060,1.42,DOS,2234.5
Asus,AMD Ryzen 7,16.0,512.0,13.3,AMD Radeon,2.65,Windows 11,1616.75
HP,Intel i7,64.0,512.0,15.6,NVIDIA GTX 1650,2.18,Windows 11,2470.35
MSI,Apple M1,32.0,512.0,15.6,NVIDIA RTX 3060,2.87,Windows 10,2647.41
Acer,Intel i9,64.0,256.0,17.3,NVIDIA RTX 3050,2.12,Windows 11,2613.27
Dell,AMD Ryzen 7,32.0,256.0,13.3,NVIDIA RTX 3060,1.36,DOS,1722.32
Samsung,AMD Ryzen 3,8.0,1024.0,14.0,NVIDIA RTX 3060,1.95,macOS,1588.71
HP,AMD Ryzen 7,32.0,512.0,14.0,Integrated,3.49,Linux,1428.97
Asus,Intel i9,64.0,256.0,13.3,Integrated,1.59,Windows 10,2233.43
Dell,AMD Ryzen 7,32.0,256.0,17.3,NVIDIA RTX 3060,3.46,macOS,2403.59
Acer,AMD Ryzen 7,32.0,1024.0,17.3,AMD Radeon,3.48,Linux,1802.21
Apple,AMD Ryzen 3,32.0,512.0,14.0,NVIDIA GTX 1650,3.01,Windows 11,2019.69
Asus,AMD Ryzen 5,32.0,512.0,13.3,AMD Radeon,1.47,Windows 10,1614.99
Dell,AMD Ryzen 3,8.0,1024.0,13.3,Integrated,,macOS,1204.27
MSI,Intel i9,8.0,1024.0,14.0,NVIDIA RTX 3050,3.01,Linux,2144.42
HP,Intel i3,8.0,512.0,14.0,NVIDIA RTX 4060,2.08,Windows 10,1757.29
Apple,Intel i7,32.0,512.0,13.3,NVIDIA RTX 4060,1.25,macOS,2932.86
HP,Intel i9,8.0,2048.0,14.0,Integrated,2.52,DOS,1862.98
Asus,Intel i3,64.0,2048.0,15.6,NVIDIA RTX 3050,2.12,Windows 11,2494.5
HP,Apple M1,64.0,512.0,17.3,Integrated,1.73,DOS,2335.71
Samsung,Intel i9,8.0,256.0,17.3,AMD Radeon,1.2,macOS,2103.54
Asus,AMD Ryzen 7,16.0,1024.0,15.6,NVIDIA RTX 4060,3.0,Windows 10,1998.35
Apple,Intel i5,64.0,1024.0,17.3,,2.19,Windows 11,2376.46
Dell,Intel i7,32.0,256.0,17.3,NVIDIA RTX 3060,3.49,Windows 11,2048.67
Asus,Intel i9,64.0,2048.0,17.3,NVIDIA RTX 3060,,Windows 10,2943.46
Asus,Intel i7,16.0,2048.0,14.0,AMD Radeon,1.61,DOS,1857.11
Apple,AMD Ryzen 7,8.0,512.0,15.6,NVIDIA RTX 4060,1.24,DOS,2323.79
HP,Apple M1,64.0,256.0,13.3,,3.12,DOS,3060.36
HP,AMD Ryzen 3,64.0,2048.0,17.3,Integrated,1.45,Linux,2144.07
Acer,Intel i9,64.0,512.0,14.0,NVIDIA RTX 3060,3.19,Linux,2871.36
Lenovo,Apple M2,64.0,2048.0,13.3,AMD Radeon,2.1,Windows 10,3238.7
Dell,Intel i3,4.0,256.0,13.3,NVIDIA GTX 1650,2.21,DOS,921.84
HP,Apple M1,64.0,2048.0,15.6,NVIDIA GTX 1650,2.09,Windows 11,2873.21
Asus,AMD Ryzen 7,64.0,1024.0,13.3,NVIDIA RTX 3060,2.38,DOS,2241.72
Samsung,Apple M2,16.0,256.0,13.3,NVIDIA RTX 3050,1.36,Windows 11,2340.18
Acer,Apple M1,8.0,1024.0,14.0,NVIDIA RTX 3060,2.0,macOS,2192.14
Asus,Intel i7,16.0,512.0,13.3,,2.72,Windows 10,1851.6
Samsung,Intel i3,4.0,256.0,14.0,NVIDIA GTX 1650,1.22,Linux,1103.21
Apple,Apple M2,4.0,256.0,14.0,AMD Radeon,3.26,Windows 10,2393.32
Asus,Apple M1,8.0,512.0,13.3,NVIDIA RTX 4060,,Linux,1907.17
HP,Intel i3,8.0,1024.0,13.3,Integrated,2.06,Linux,996.89
HP,AMD Ryzen 5,32.0,512.0,17.3,NVIDIA RTX 4060,2.75,macOS,2437.91
Samsung,AMD Ryzen 3,16.0,512.0,17.3,AMD Radeon,3.18,Windows 11,1430.19
MSI,Intel i5,64.0,256.0,14.0,NVIDIA RTX 4060,3.45,Linux,2348.33
Samsung,AMD Ryzen 5,16.0,256.0,14.0,NVIDIA RTX 3060,1.3,Windows 10,1537.58
Acer,Intel i9,16.0,512.0,15.6,,1.55,Linux,2039.54
Lenovo,AMD Ryzen 3,64.0,256.0,17.3,NVIDIA RTX 3050,1.88,macOS,2115.91
Apple,AMD Ryzen 7,32.0,1024.0,13.3,NVIDIA RTX 4060,1.57,Windows 10,2761.29
Samsung,Intel i3,32.0,256.0,15.6,Integrated,1.84,macOS,1549.26
HP,Intel i5,16.0,256.0,14.0,NVIDIA RTX 4060,2.89,macOS,1817.45
Dell,Apple M2,32.0,2048.0,14.0,NVIDIA GTX 1650,2.95,Linux,2536.0
Apple,Apple M2,8.0,256.0,13.3,NVIDIA RTX 3060,,macOS,2803.89
Apple,Apple M1,16.0,256.0,14.0,NVIDIA RTX 3060,2.09,Linux,2463.15
Samsung,AMD Ryzen 5,16.0,512.0,13.3,AMD Radeon,2.15,DOS,1234.44
Apple,Intel i9,32.0,256.0,13.3,NVIDIA RTX 3060,2.13,Linux,2689.83
Lenovo,Apple M1,64.0,2048.0,14.0,NVIDIA RTX 3060,2.49,Windows 10,3077.16
Lenovo,Intel i7,4.0,1024.0,14.0,NVIDIA RTX 3050,1.33,DOS,1556.57
HP,AMD Ryzen 5,64.0,1024.0,17.3,NVIDIA RTX 3050,2.21,Linux,2098.19
Dell,AMD Ryzen 7,4.0,512.0,15.6,NVIDIA RTX 3060,1.34,Linux,1674.16
Lenovo,Apple M2,32.0,512.0,13.3,Integrated,2.17,Linux,2011.26
MSI,AMD Ryzen 5,32.0,1024.0,15.6,Integrated,3.39,DOS,1476.17
Acer,Intel i5,16.0,256.0,15.6,Integrated,2.55,DOS,1154.3
Lenovo,Intel i7,64.0,1024.0,14.0,NVIDIA RTX 3050,2.19,macOS,2568.77
Samsung,AMD Ryzen 3,32.0,256.0,13.3,NVIDIA GTX 1650,3.36,Linux,1366.32
Asus,AMD Ryzen 7,8.0,1024.0,13.3,,1.22,Windows 11,1280.83
Asus,Apple M2,32.0,2048.0,13.3,NVIDIA RTX 3060,1.23,Linux,2397.91
Apple,AMD Ryzen 7,,1024.0,17.3,AMD Radeon,1.77,Windows 10,2319.21
Apple,Apple M2,64.0,2048.0,17.3,NVIDIA RTX 3050,1.34,Windows 10,3587.13
Acer,Intel i9,8.0,256.0,15.6,AMD Radeon,3.27,Windows 10,1905.03
Lenovo,Intel i9,64.0,512.0,14.0,NVIDIA RTX 3060,3.01,Windows 11,2903.59
Acer,Intel i5,64.0,1024.0,15.6,NVIDIA GTX 1650,1.64,Windows 11,2229.4
Dell,AMD Ryzen 3,32.0,256.0,13.3,,1.25,DOS,1157.14
HP,Apple M2,4.0,256.0,17.3,NVIDIA RTX 4060,1.72,Linux,2323.53
Dell,AMD Ryzen 7,4.0,256.0,14.0,AMD Radeon,1.72,Windows 10,1404.09
Acer,AMD Ryzen 3,8.0,512.0,17.3,Integrated,2.74,Windows 10,1161.19
Lenovo,AMD Ryzen 7,32.0,2048.0,15.6,AMD Radeon,3.05,Windows 10,2321.82
Lenovo,Intel i3,64.0,2048.0,14.0,NVIDIA RTX 3060,2.94,DOS,2463.41
Asus,Apple M2,8.0,2048.0,14.0,,1.26,Windows 11,1830.49
Lenovo,Apple M1,32.0,,14.0,NVIDIA RTX 3060,3.04,Linux,2167.26
Lenovo,Intel i5,16.0,1024.0,13.3,NVIDIA RTX 3050,1.65,Linux,1506.6
Samsung,Apple M2,32.0,256.0,13.3,Integrated,2.11,Windows 10,1969.76
Asus,AMD Ryzen 5,32.0,512.0,15.6,NVIDIA RTX 3050,2.04,macOS,1799.75
Samsung,AMD Ryzen 5,4.0,2048.0,13.3,NVIDIA RTX 4060,2.89,macOS,1986.1
Apple,AMD Ryzen 5,16.0,2048.0,13.3,NVIDIA RTX 3060,,Windows 11,2255.48
MSI,AMD Ryzen 3,64.0,512.0,13.3,NVIDIA GTX 1650,1.58,Windows 10,2092.02
MSI,AMD Ryzen 3,4.0,1024.0,13.3,NVIDIA RTX 3060,2.85,Windows 10,1459.65
Apple,AMD Ryzen 3,16.0,256.0,17.3,NVIDIA RTX 4060,1.88,Windows 10,2023.57
Asus,Apple M2,16.0,512.0,15.6,NVIDIA RTX 3060,2.26,DOS,2057.48
Apple,Intel i7,32.0,2048.0,14.0,NVIDIA GTX 1650,,Linux,2574.79
Apple,Intel i3,64.0,1024.0,17.3,NVIDIA GTX 1650,2.0,Windows 10,2718.47
Dell,AMD Ryzen 7,4.0,256.0,17.3,NVIDIA RTX 3050,3.14,macOS,1688.52
Asus,Intel i5,8.0,1024.0,17.3,NVIDIA RTX 3060,2.77,Windows 11,1757.54
Dell,Apple M1,16.0,2048.0,14.0,Integrated,1.7,DOS,1611.28
Acer,AMD Ryzen 3,32.0,512.0,17.3,NVIDIA RTX 3060,1.74,Windows 11,1970.26
Acer,Intel i5,,256.0,14.0,NVIDIA RTX 3050,1.2,macOS,1455.6
Samsung,AMD Ryzen 5,32.0,256.0,17.3,AMD Radeon,2.07,macOS,1865.06
Dell,Apple M1,8.0,512.0,15.6,AMD Radeon,3.17,macOS,2089.29
Lenovo,Intel i7,4.0,2048.0,17.3,NVIDIA RTX 4060,3.41,Windows 11,2117.17
MSI,Apple M2,32.0,1024.0,15.6,NVIDIA RTX 3060,1.46,DOS,2616.73
Samsung,Intel i3,4.0,2048.0,13.3,NVIDIA RTX 3060,1.89,macOS,1631.36
Dell,Apple M2,32.0,1024.0,17.3,NVIDIA RTX 3060,3.16,Windows 11,2588.71
Apple,Apple M2,64.0,512.0,13.3,AMD Radeon,2.19,macOS,3630.07
HP,AMD Ryzen 3,64.0,256.0,17.3,NVIDIA RTX 3060,1.71,Linux,2043.86
Acer,Apple M2,64.0,256.0,17.3,NVIDIA RTX 3050,3.11,Windows 11,2592.36
MSI,Apple M1,32.0,512.0,17.3,AMD Radeon,2.98,Windows 11,2229.49
Asus,AMD Ryzen 5,64.0,1024.0,14.0,NVIDIA RTX 3060,3.01,macOS,2424.24
MSI,Intel i9,32.0,256.0,15.6,AMD Radeon,1.8,Windows 10,2297.88
Dell,Intel i3,4.0,512.0,13.3,NVIDIA RTX 4060,2.29,Windows 10,1711.76
Lenovo,Intel i3,4.0,256.0,13.3,Integrated,2.63,macOS,1043.32
Asus,Apple M1,4.0,256.0,13.3,AMD Radeon,3.16,Windows 11,1556.73
Lenovo,Intel i9,32.0,256.0,14.0,NVIDIA RTX 4060,2.21,Windows 10,2462.32
Apple,Apple M2,4.0,2048.0,13.3,Integrated,2.62,DOS,2115.62
MSI,AMD Ryzen 7,4.0,1024.0,13.3,NVIDIA RTX 3050,1.3,macOS,1648.44
Apple,Intel i3,32.0,1024.0,17.3,NVIDIA RTX 4060,2.84,Linux,2566.19
Dell,AMD Ryzen 7,32.0,512.0,13.3,Integrated,2.66,DOS,1623.18
Dell,Intel i9,8.0,512.0,14.0,NVIDIA RTX 3060,2.08,Linux,1925.03
Lenovo,Apple M1,32.0,256.0,13.3,NVIDIA RTX 3060,1.38,Windows 11,2475.33
MSI,Apple M2,8.0,512.0,15.6,NVIDIA RTX 3050,2.58,Windows 10,1984.32
Dell,Apple M2,32.0,1024.0,17.3,AMD Radeon,1.48,Windows 10,2474.35
Lenovo,Apple M1,8.0,256.0,13.3,AMD Radeon,2.42,macOS,1809.32
Acer,AMD Ryzen 3,64.0,512.0,13.3,Integrated,2.88,Windows 11,1701.62
Acer,AMD Ryzen 5,,512.0,17.3,NVIDIA RTX 3050,1.38,Windows 11,1502.26
HP,Intel i5,16.0,1024.0,17.3,NVIDIA RTX 3060,3.31,macOS,1951.16
HP,Apple M2,32.0,2048.0,13.3,NVIDIA GTX 1650,1.58,DOS,2401.21
Acer,Apple M1,4.0,256.0,15.6,NVIDIA RTX 3060,1.98,Windows 10,1914.66
Asus,Intel i7,16.0,1024.0,15.6,NVIDIA RTX 3050,2.14,Windows 11,1693.82
Samsung,AMD Ryzen 3,8.0,2048.0,17.3,NVIDIA RTX 3060,2.49,Linux,1599.22
HP,AMD Ryzen 3,16.0,1024.0,15.6,NVIDIA RTX 4060,2.08,macOS,1860.57
Lenovo,Intel i7,8.0,512.0,15.6,NVIDIA RTX 4060,2.25,Windows 10,2137.14
Acer,AMD Ryzen 3,8.0,2048.0,13.3,NVIDIA RTX 3050,3.24,Linux,1542.08
Dell,Intel i3,,256.0,15.6,AMD Radeon,2.1,DOS,2144.97
Apple,Intel i9,64.0,256.0,13.3,Integrated,2.42,DOS,2856.58
Lenovo,AMD Ryzen 7,16.0,1024.0,14.0,NVIDIA GTX 1650,1.8,macOS,1649.73
Acer,AMD Ryzen 3,32.0,1024.0,15.6,NVIDIA RTX 3060,,Linux,1835.57
Acer,Intel i7,64.0,1024.0,14.0,,1.68,DOS,2597.05
Asus,Intel i5,4.0,2048.0,14.0,NVIDIA RTX 3050,1.66,DOS,1331.37
Acer,Intel i3,64.0,2048.0,14.0,NVIDIA RTX 3050,1.5,macOS,2669.24
Lenovo,AMD Ryzen 5,64.0,1024.0,17.3,,1.5,macOS,2453.57
Acer,Intel i3,32.0,256.0,14.0,NVIDIA GTX 1650,3.37,Windows 11,1654.79
HP,Intel i9,8.0,2048.0,14.0,NVIDIA RTX 3050,1.67,macOS,2242.25
Dell,Intel i7,8.0,256.0,15.6,NVIDIA RTX 4060,3.46,Windows 10,1928.34
MSI,Intel i9,64.0,1024.0,17.3,Integrated,1.34,DOS,2577.84
Dell,Intel i3,16.0,1024.0,14.0,NVIDIA RTX 3050,2.23,DOS,1503.14
Acer,AMD Ryzen 7,8.0,2048.0,14.0,NVIDIA RTX 4060,1.27,macOS,2312.96
HP,AMD Ryzen 3,32.0,512.0,13.3,NVIDIA RTX 3050,1.68,Windows 11,1739.2
Lenovo,Intel i7,8.0,2048.0,14.0,Integrated,1.41,macOS,1777.94
Dell,AMD Ryzen 3,4.0,1024.0,13.3,NVIDIA RTX 4060,2.93,DOS,1617.44
Dell,Intel i3,32.0,1024.0,14.0,Integrated,2.86,Linux,1387.34
Apple,Intel i7,16.0,512.0,17.3,NVIDIA RTX 4060,3.38,Windows 10,2291.62
Lenovo,AMD Ryzen 5,8.0,2048.0,13.3,NVIDIA GTX 1650,3.03,Linux,1312.92
HP,Apple M1,32.0,512.0,15.6,NVIDIA RTX 3050,3.05,macOS,2079.05
MSI,AMD Ryzen 3,4.0,256.0,13.3,AMD Radeon,3.45,DOS,1041.37
Lenovo,Apple M2,4.0,512.0,15.6,Integrated,2.86,Windows 10,1748.32
Samsung,AMD Ryzen 5,32.0,2048.0,17.3,NVIDIA GTX 1650,1.76,Linux,1811.67
Acer,Apple M1,32.0,256.0,15.6,NVIDIA GTX 1650,2.12,Windows 10,1881.71
HP,Apple M2,32.0,256.0,15.6,Integrated,1.2,Windows 10,2208.72
HP,AMD Ryzen 5,4.0,1024.0,17.3,NVIDIA GTX 1650,2.27,DOS,1327.03
Samsung,Apple M2,4.0,1024.0,15.6,Integrated,3.14,Linux,1801.1
HP,Intel i7,64.0,1024.0,13.3,AMD Radeon,2.07,Linux,2442.25
Dell,AMD Ryzen 7,8.0,256.0,13.3,NVIDIA RTX 3060,2.66,Windows 10,1534.99
Acer,AMD Ryzen 3,16.0,256.0,13.3,Integrated,1.84,macOS,1312.98
MSI,Apple M2,4.0,256.0,17.3,NVIDIA RTX 3050,2.66,DOS,1768.7
Acer,AMD Ryzen 5,32.0,2048.0,13.3,NVIDIA RTX 3050,2.25,Windows 10,1985.17
Lenovo,Apple M2,32.0,1024.0,13.3,NVIDIA RTX 4060,2.16,DOS,2595.15
HP,Apple M2,4.0,512.0,15.6,AMD Radeon,3.22,Windows 11,2043.08
MSI,Intel i5,,2048.0,17.3,NVIDIA RTX 3060,2.9,Linux,1985.31
Asus,AMD Ryzen 3,32.0,2048.0,14.0,AMD Radeon,2.53,DOS,1620.25
Lenovo,Apple M2,4.0,512.0,14.0,NVIDIA GTX 1650,2.45,DOS,1770.99
Acer,AMD Ryzen 3,8.0,512.0,13.3,NVIDIA RTX 3060,3.38,macOS,1520.63
MSI,AMD Ryzen 5,4.0,2048.0,14.0,NVIDIA RTX 3060,1.22,macOS,2072.76
HP,AMD Ryzen 5,4.0,2048.0,15.6,NVIDIA RTX 3060,1.81,Windows 11,1746.61
HP,AMD Ryzen 5,64.0,512.0,15.6,AMD Radeon,2.05,DOS,1962.28
Samsung,AMD Ryzen 3,4.0,256.0,15.6,NVIDIA GTX 1650,1.71,Windows 11,1169.61
Samsung,AMD Ryzen 3,32.0,256.0,15.6,NVIDIA RTX 3060,3.15,Windows 11,1887.97
Samsung,Intel i3,4.0,2048.0,17.3,NVIDIA RTX 4060,2.12,Linux,2012.05
Acer,Apple M2,64.0,512.0,14.0,NVIDIA RTX 3060,2.29,Linux,2871.68
HP,Intel i9,8.0,2048.0,13.3,NVIDIA RTX 4060,2.42,Linux,2394.31
MSI,AMD Ryzen 5,4.0,256.0,15.6,NVIDIA GTX 1650,1.65,Windows 10,1425.0
Dell,Intel i7,16.0,256.0,13.3,NVIDIA RTX 3060,2.09,Linux,1794.23
Dell,Intel i3,32.0,512.0,17.3,AMD Radeon,2.28,Windows 11,1767.51
HP,Intel i3,8.0,256.0,17.3,NVIDIA RTX 3060,1.73,Windows 11,1620.35
Lenovo,Intel i5,64.0,512.0,13.3,AMD Radeon,1.38,Windows 10,2193.16
Apple,Intel i7,64.0,2048.0,17.3,NVIDIA RTX 4060,1.31,Windows 11,3258.14
Lenovo,Intel i5,16.0,1024.0,17.3,NVIDIA RTX 3060,3.41,Linux,1885.76
Samsung,Apple M1,16.0,512.0,14.0,Integrated,1.7,DOS,1576.68
Lenovo,AMD Ryzen 7,8.0,512.0,14.0,NVIDIA RTX 3060,3.11,DOS,1694.62
HP,Intel i3,16.0,1024.0,13.3,NVIDIA GTX 1650,3.42,DOS,1327.42
Apple,Intel i9,4.0,1024.0,15.6,Integrated,1.57,Windows 10,2219.99
Apple,Apple M2,64.0,512.0,17.3,NVIDIA RTX 4060,2.07,Linux,3388.38
Lenovo,AMD Ryzen 3,8.0,2048.0,17.3,NVIDIA GTX 1650,2.38,macOS,1524.27
Lenovo,Apple M2,64.0,,17.3,NVIDIA RTX 4060,1.2,Linux,3112.39
Samsung,AMD Ryzen 7,16.0,512.0,15.6,Integrated,1.3,DOS,1373.71
Lenovo,Intel i9,32.0,256.0,14.0,NVIDIA RTX 3050,1.33,macOS,2233.43
Dell,Intel i5,64.0,2048.0,13.3,NVIDIA RTX 3060,2.52,Windows 10,2695.06
HP,Intel i3,8.0,512.0,13.3,NVIDIA RTX 3060,1.43,Windows 10,1519.5
Dell,Apple M2,64.0,512.0,13.3,Integrated,1.54,DOS,2317.84
Asus,AMD Ryzen 3,16.0,,15.6,NVIDIA RTX 4060,2.39,Windows 10,2151.03
Acer,AMD Ryzen 7,8.0,2048.0,13.3,NVIDIA RTX 4060,2.96,Windows 10,2256.0
HP,Intel i9,64.0,256.0,17.3,Integrated,1.88,Linux,2490.36
Lenovo,Intel i9,8.0,1024.0,15.6,,2.26,macOS,2641.87
Acer,Intel i9,8.0,256.0,17.3,NVIDIA GTX 1650,3.1,Windows 10,1940.05
MSI,AMD Ryzen 3,32.0,1024.0,13.3,NVIDIA RTX 4060,2.1,DOS,2147.92
Dell,Apple M2,32.0,512.0,14.0,NVIDIA RTX 4060,2.86,DOS,2485.37
Lenovo,Intel i7,32.0,2048.0,17.3,AMD Radeon,,Linux,2225.92
Acer,AMD Ryzen 7,8.0,512.0,14.0,AMD Radeon,3.08,macOS,1523.81
Dell,AMD Ryzen 5,32.0,1024.0,17.3,AMD Radeon,2.1,DOS,1589.79
Samsung,AMD Ryzen 7,8.0,512.0,17.3,NVIDIA RTX 3050,1.82,Windows 11,1614.54
Samsung,AMD Ryzen 5,4.0,256.0,17.3,NVIDIA RTX 3060,2.65,macOS,1761.14
Apple,Intel i3,4.0,1024.0,13.3,NVIDIA RTX 3050,2.05,Windows 11,1711.89
HP,Apple M1,16.0,512.0,13.3,NVIDIA GTX 1650,2.88,Windows 11,1730.89
Lenovo,Apple M2,64.0,256.0,13.3,AMD Radeon,1.97,Linux,2472.48
Dell,Intel i3,32.0,2048.0,15.6,NVIDIA RTX 4060,3.38,Windows 11,2212.74
HP,Intel i9,32.0,512.0,13.3,NVIDIA RTX 3050,3.0,macOS,2122.89
HP,Intel i3,8.0,256.0,15.6,NVIDIA RTX 3060,2.49,DOS,1382.88
Dell,Intel i3,4.0,2048.0,15.6,NVIDIA RTX 4060,2.36,macOS,1972.18
Samsung,Intel i7,16.0,2048.0,17.3,NVIDIA RTX 3050,3.22,Windows 11,1949.72
Asus,AMD Ryzen 7,8.0,2048.0,14.0,NVIDIA RTX 3050,2.35,macOS,2024.91
MSI,Intel i7,16.0,512.0,17.3,NVIDIA RTX 3060,1.63,Linux,1879.43
Lenovo,AMD Ryzen 3,16.0,2048.0,13.3,,1.97,Windows 11,1713.64
Acer,AMD Ryzen 5,16.0,256.0,14.0,NVIDIA GTX 1650,2.2,macOS,1510.19
Lenovo,Intel i5,32.0,256.0,13.3,NVIDIA RTX 3060,2.74,macOS,2087.05
Acer,Apple M1,32.0,256.0,17.3,NVIDIA GTX 1650,3.36,Windows 11,2284.66
HP,Intel i3,8.0,512.0,14.0,NVIDIA RTX 4060,3.45,Windows 11,1735.63
HP,Intel i9,4.0,256.0,15.6,Integrated,2.11,macOS,1726.06
HP,Apple M2,16.0,2048.0,14.0,NVIDIA RTX 3060,2.46,Windows 10,2538.75
MSI,AMD Ryzen 5,32.0,1024.0,13.3,AMD Radeon,2.8,macOS,2028.56
MSI,Intel i5,64.0,512.0,14.0,NVIDIA RTX 3050,2.06,macOS,2553.64
Dell,AMD Ryzen 5,4.0,1024.0,17.3,NVIDIA RTX 3050,2.57,DOS,1252.28
Lenovo,Apple M2,8.0,,15.6,NVIDIA RTX 3050,2.89,DOS,1749.76
Apple,Intel i9,8.0,512.0,13.3,NVIDIA RTX 4060,2.14,Windows 11,2601.88
MSI,Intel i3,4.0,2048.0,15.6,Integrated,,Windows 11,1472.93
HP,AMD Ryzen 5,4.0,512.0,14.0,NVIDIA RTX 3050,2.2,macOS,1538.11
Acer,Apple M2,,1024.0,15.6,NVIDIA RTX 3060,2.2,Windows 11,2583.37
Lenovo,Apple M1,32.0,256.0,15.6,Integrated,,Windows 10,1981.76
Samsung,AMD Ryzen 7,4.0,256.0,15.6,NVIDIA RTX 3060,1.23,Windows 11,1612.7
Acer,Intel i5,16.0,256.0,14.0,NVIDIA RTX 3050,1.7,Windows 11,1529.51
HP,AMD Ryzen 7,8.0,512.0,14.0,NVIDIA RTX 3050,2.34,DOS,1487.49
Lenovo,AMD Ryzen 5,4.0,1024.0,17.3,NVIDIA RTX 3050,2.4,macOS,1665.13
Dell,Apple M2,64.0,512.0,15.6,Integrated,1.97,Linux,2481.74
Apple,AMD Ryzen 3,4.0,512.0,17.3,NVIDIA RTX 3050,2.24,DOS,1690.36
Lenovo,AMD Ryzen 5,8.0,2048.0,17.3,NVIDIA GTX 1650,2.69,DOS,1525.17
HP,Intel i5,16.0,512.0,13.3,NVIDIA RTX 4060,1.89,DOS,1702.36
Samsung,Intel i9,32.0,1024.0,13.3,NVIDIA RTX 3050,2.14,Windows 10,2336.19
Apple,AMD Ryzen 5,64.0,2048.0,13.3,NVIDIA RTX 4060,3.01,Linux,3215.45
MSI,Intel i7,64.0,1024.0,17.3,NVIDIA RTX 3050,1.45,DOS,2307.72
Asus,Apple M1,8.0,1024.0,13.3,NVIDIA RTX 4060,2.91,Windows 10,2349.47
Dell,AMD Ryzen 7,64.0,2048.0,14.0,NVIDIA GTX 1650,2.06,Windows 10,2750.16
Dell,Intel i3,64.0,256.0,13.3,AMD Radeon,,macOS,2098.99
Dell,AMD Ryzen 5,64.0,512.0,15.6,Integrated,1.99,macOS,2092.4
MSI,AMD Ryzen 5,4.0,256.0,15.6,NVIDIA RTX 4060,2.15,Linux,1598.98
MSI,Intel i3,64.0,512.0,13.3,AMD Radeon,3.02,Windows 11,2134.61
Apple,Intel i7,8.0,512.0,15.6,,2.54,Windows 10,2197.22
Asus,AMD Ryzen 7,16.0,512.0,15.6,AMD Radeon,3.41,macOS,1783.86
MSI,Intel i3,4.0,1024.0,15.6,NVIDIA GTX 1650,2.15,Windows 10,1266.59
HP,Intel i5,16.0,256.0,14.0,Integrated,2.65,DOS,1131.2
Acer,AMD Ryzen 7,8.0,256.0,15.6,NVIDIA RTX 4060,2.1,Windows 11,1958.04
HP,Intel i3,64.0,256.0,13.3,AMD Radeon,3.02,Windows 11,
Lenovo,AMD Ryzen 3,16.0,2048.0,14.0,NVIDIA RTX 3060,3.23,Linux,
Samsung,Intel i3,64.0,256.0,14.0,Integrated,2.32,macOS,
MSI,Intel i7,16.0,512.0,13.3,NVIDIA RTX 4060,2.31,macOS,
Apple,Apple M2,8.0,1024.0,17.3,NVIDIA GTX 1650,1.35,Linux,
